DÉCOR,Candles & Tea Lights,
DÉCOR,Ceiling Lights,Flush Mounted
DÉCOR,Ceiling Lights,Recessed Lights
DÉCOR,Chandeliers,Colonial
DÉCOR,Chandeliers,Modern
DÉCOR,Chandeliers,Eclectic
DÉCOR,Chandeliers,Indian Ethnic
DÉCOR,Clocks,Wall Clocks
DÉCOR,Clocks,Retro Clocks
DÉCOR,Clocks,Cuckoo Clocks
DÉCOR,Clocks,Grandfather Clocks
DÉCOR,Clocks,Alarm Clocks
DÉCOR,Clocks,Kids Clocks
DÉCOR,Curios,Showpieces
DÉCOR,Curios,Figurines
DÉCOR,Curios,Fridge Magnets
DÉCOR,Curios,Action Figures & Bobble Heads
DÉCOR,Desk Décor,
DÉCOR,Ethnic Art,
DÉCOR,Festive Lights,String Lights
DÉCOR,Festive Lights,Electric Tea Lights
DÉCOR,Filament Lamps,
DÉCOR,Floor Lamps,Contemporary
DÉCOR,Floor Lamps,Colonial
DÉCOR,Floor Lamps,Eclectic
DÉCOR,Floor Lamps,Indian Ethnic
DÉCOR,Garden Décor,
DÉCOR,Hanging Lights,Eclectic
DÉCOR,Hanging Lights,Modern
DÉCOR,Hanging Lights,Indian Ethnic
DÉCOR,Hanging Lights,Colonial
DÉCOR,Home Fragnances,
DÉCOR,Key Holders,
DÉCOR,Lamp Bases,
DÉCOR,Lanterns,Festive
DÉCOR,Lanterns,Paper
DÉCOR,Lanterns,Sky
DÉCOR,Light Bulbs,CFL Bulbs
DÉCOR,Light Bulbs,LED Bulbs
DÉCOR,Mirrors,Eclectic
DÉCOR,Mirrors,Colonial
DÉCOR,Mirrors,Contemporary
DÉCOR,Mirrors,Indian Ethnic
DÉCOR,Outdoor,Gate & Post Lights
DÉCOR,Outdoor,Wall & Ceiling Lights
DÉCOR,Outdoor,Ambience Lights
DÉCOR,Outdoor,Flood & Spot Lights
DÉCOR,Outdoor,Deck & Step Lights
DÉCOR,Outdoor,Walkway Lights
DÉCOR,Outdoor,Security Lights
DÉCOR,Outdoor,Lanterns & Torches
DÉCOR,Pots & Planters,Hanging Planters
DÉCOR,Pots & Planters,Rail Planters
DÉCOR,Pots & Planters,Planter Pots & Boxes
DÉCOR,Pots & Planters,Decorative Planters
DÉCOR,Sensor Lights,
DÉCOR,Spiritual,
DÉCOR,Spiritual,Temples
DÉCOR,Spiritual,Idols
DÉCOR,Spiritual,Diyas
DÉCOR,Spiritual,Feng Shui
DÉCOR,Spiritual,Festive Decor
DÉCOR,Spiritual,Chowkies
DÉCOR,Study Lamps,
DÉCOR,Table Lamps,Contemporary
DÉCOR,Table Lamps,Colonial
DÉCOR,Table Lamps,Eclectic
DÉCOR,Table Lamps,Indian Ethnic
DÉCOR,Table Lamps,Kids Table Lamps
DÉCOR,Tripod Lamps,Floor Tripods
DÉCOR,Tripod Lamps,Table Tripods
DÉCOR,Vases & Flowers,Vases
DÉCOR,Vases & Flowers,Artificial Plants
DÉCOR,Vases & Flowers,Artificial Flowers
DÉCOR,Vases & Flowers,Natural Plants
DÉCOR,Vases & Flowers,Indoor Fountains
DÉCOR,Vases & Flowers,Decorative Pebbles
DÉCOR,Vintage Décor,Retro Telephones
DÉCOR,Vintage Décor,Collectibles
DÉCOR,Vintage Décor,Gramophones
DÉCOR,Vintage Décor,Nautical Decor
DÉCOR,Vintage Décor,Pocket Watches
DÉCOR,Wall Accents,Photo Frames
DÉCOR,Wall Accents,Wall Hangings
DÉCOR,Wall Accents,Bells & Chimes
DÉCOR,Wall Accents,Masks
DÉCOR,Wall Accents,Jharokhas
DÉCOR,Wall Art,Stickers & Decals
DÉCOR,Wall Art,Art Panels
DÉCOR,Wall Art,Digital Art Prints
DÉCOR,Wall Art,Posters
DÉCOR,Wall Art,Limited Edition
DÉCOR,Wall Art,Paintings
DÉCOR,Wall Lights,Wall Mounted
DÉCOR,Wall Lights,Picture Lights
DÉCOR,Wall Lights,Bath Lights
DÉCOR,Wall Lights,Night Lights
DÉCOR,Wall Shelves,Contemporary
DÉCOR,Wall Shelves,Eclectic
DÉCOR,Wall Shelves,Colonial
