Type,Entity,Product
FURNITURE,BAR,Bar Cabinets
FURNITURE,BAR,Bar Units
FURNITURE,BAR,Bar Trolleys
FURNITURE,BAR,Wine Racks
FURNITURE,BAR,Bar Sets
FURNITURE,BAR,Bar Chairs
FURNITURE,BAR,Bar Stools
FURNITURE,BATH,Bathroom Cabinets
FURNITURE,BATH,Bathroom Shelves
FURNITURE,BED ROOM,Beds
FURNITURE,BED ROOM,Bedside Tables
FURNITURE,BED ROOM,Dressing Tables
FURNITURE,BED ROOM,Bed Room Sets
FURNITURE,BED ROOM,Cradles
FURNITURE,BED ROOM,Modular Wardrobes
FURNITURE,BED ROOM,Cupboards
FURNITURE,BED ROOM,Chest of Drawers
FURNITURE,BED ROOM,Bedside Tables
FURNITURE,BED ROOM,Dressers & Mirrors
FURNITURE,BED ROOM,Kids Storage
FURNITURE,CHAIRS,Wing Chairs
FURNITURE,CHAIRS,Accent Chairs
FURNITURE,CHAIRS,Arm Chairs
FURNITURE,CHAIRS,Rocking Chairs
FURNITURE,CHAIRS,Folding Chairs
FURNITURE,CHAIRS,Metal Chairs
FURNITURE,CHAIRS,Plastic Chairs
FURNITURE,CHAIRS,Ergonomic Chairs
FURNITURE,CHAIRS,Executive Chairs
FURNITURE,DINING,Dining Sets
FURNITURE,DINING,Dining Tables
FURNITURE,DINING,Dining Chairs
FURNITURE,DINING,Hutch Cabinets
FURNITURE,FINISHING TOUCHES,Pouffes
FURNITURE,FINISHING TOUCHES,Ottomans
FURNITURE,FINISHING TOUCHES,Stools
FURNITURE,FINISHING TOUCHES,Benches
FURNITURE,FINISHING TOUCHES,Magazine Racks
FURNITURE,FINISHING TOUCHES,Trunks and Boxes
FURNITURE,GARDEN & PATIO,Seating Sets
FURNITURE,GARDEN & PATIO,Dining Sets
FURNITURE,GARDEN & PATIO,Swings
FURNITURE,GARDEN & PATIO,Chairs
FURNITURE,GARDEN & PATIO,Tables
FURNITURE,GARDEN & PATIO,Lounges & Daybeds
FURNITURE,GARDEN & PATIO,Canopies & Umbrellas
FURNITURE,GENERAL,Boxes
FURNITURE,GENERAL,Baskets
FURNITURE,GENERAL,Crates
FURNITURE,GENERAL,Shelves & Racks
FURNITURE,GENERAL,Trays
FURNITURE,GENERAL,Trunks 
FURNITURE,LIVING ROOM,Sofas & Sectionals
FURNITURE,LIVING ROOM,Recliners
FURNITURE,LIVING ROOM,Sofa Cum Beds
FURNITURE,LIVING ROOM,Futons
FURNITURE,LIVING ROOM,Settees & Lounges
FURNITURE,LIVING ROOM,Bean Bags
FURNITURE,LIVING ROOM,Living Room Sets
FURNITURE,LIVING ROOM,Storage Solutions
FURNITURE,LIVING ROOM,Wall Shelves
FURNITURE,LIVING ROOM,Prayer Units
FURNITURE,LIVING ROOM,Showcases
FURNITURE,LIVING ROOM,Entryway & Foyer
FURNITURE,LIVING ROOM,Corner Storage
FURNITURE,STUDY,Book Shelves
FURNITURE,STUDY,Book Cases
FURNITURE,STUDY,File Cabinets
FURNITURE,STUDY,Study & Laptop Tables
FURNITURE,TABLES,Coffee Tables
FURNITURE,TABLES,Coffee Table Sets
FURNITURE,TABLES,Set Of Tables
FURNITURE,TABLES,End Tables
FURNITURE,TABLES,Console Tables
