FURNISHING,CARPETS & AREA RUGS,Solids
FURNISHING,CARPETS & AREA RUGS,Geometric
FURNISHING,CARPETS & AREA RUGS,Nature & Florals
FURNISHING,CARPETS & AREA RUGS,Abstract
FURNISHING,CARPETS & AREA RUGS,Indian Ethnic
FURNISHING,Flooring,Dhurries
FURNISHING,Flooring,Runners
FURNISHING,Flooring,Door Mats
FURNISHING,Flooring,Yoga Mats
FURNISHING,Flooring,Kids Carpets
FURNISHING,Flooring,Kids Mats
FURNISHING,Bedding,Bedding Sets
FURNISHING,Bedding,Bed Covers
FURNISHING,Bedding,Duvet Covers
FURNISHING,Bedding,Blankets & Quilts
FURNISHING,Bedding,Comforters
FURNISHING,Mattresses,
FURNISHING,Curtains & Blinds,Door Curtains
FURNISHING,Curtains & Blinds,Window Curtains
FURNISHING,Curtains & Blinds,Blinds & Shades
FURNISHING,Curtains & Blinds,Brackets & Rods
FURNISHING,Curtains & Blinds,Holds & Tie Backs
FURNISHING,Throws,
FURNISHING,Cushions,
FURNISHING,Chair Pads,
FURNISHING,Pillows,
FURNISHING,Bolsters,Bolster Covers
FURNISHING,Bolsters,Bolsters
